"VERSION","FILE_NAME","LOC","LOC_TOUCHED","NUMBER_OF_REVISIONS","LOC_ADDED","AVG_LOC_ADDED","NUMBER_OF_AUTHORS","MAX_LOC_ADDED","TOTAL_LOC_REMOVED","MAX_LOC_REMOVED","AVG_LOC_TOUCHED","BUGGY"
"1","bookkeeper-benchmark/src/main/java/org/apache/bookkeeper/benchmark/MySqlClient.java","346","333","4","235","58.75","2","137","98","94","83","false"
"1","bookkeeper-benchmark/src/main/java/org/apache/bookkeeper/benchmark/TestClient.java","927","436","5","340","68.0","2","252","96","64","87","false"
"1","bookkeeper-server/src/main/java/org/apache/bookkeeper/bookie/Bookie.java","8048","921","14","701","50.07142857142857","3","275","220","81","65","true"
"1","bookkeeper-server/src/main/java/org/apache/bookkeeper/bookie/BookieException.java","154","69","3","40","13.333333333333334","3","29","29","29","23","true"
"1","bookkeeper-server/src/main/java/org/apache/bookkeeper/bookie/BufferedChannel.java","487","42","4","27","6.75","2","12","15","12","10","false"
"1","bookkeeper-server/src/main/java/org/apache/bookkeeper/bookie/EntryLogger.java","3114","308","9","146","16.22222222222222","3","64","162","104","34","true"
"1","bookkeeper-server/src/main/java/org/apache/bookkeeper/bookie/FileInfo.java","499","92","5","86","17.2","3","76","6","2","18","true"
"1","bookkeeper-server/src/main/java/org/apache/bookkeeper/bookie/LedgerCache.java","3040","155","7","85","12.142857142857142","3","42","70","26","22","true"
"1","bookkeeper-server/src/main/java/org/apache/bookkeeper/bookie/LedgerDescriptor.java","452","54","5","35","7.0","3","15","19","14","10","true"
"1","bookkeeper-server/src/main/java/org/apache/bookkeeper/bookie/LedgerEntryPage.java","374","20","3","13","4.333333333333333","3","12","7","6","6","true"
"1","bookkeeper-server/src/main/java/org/apache/bookkeeper/bookie/MarkerFileChannel.java","83","0","1","0","0.0","1","0","0","0","0","false"
"1","bookkeeper-server/src/main/java/org/apache/bookkeeper/client/AsyncCallback.java","142","275","5","143","28.6","3","113","132","113","55","true"
"1","bookkeeper-server/src/main/java/org/apache/bookkeeper/client/BKException.java","782","40","4","31","7.75","3","12","9","8","10","true"
"1","bookkeeper-server/src/main/java/org/apache/bookkeeper/client/BookKeeper.java","1544","1122","9","630","70.0","3","401","492","401","124","true"
"1","bookkeeper-server/src/main/java/org/apache/bookkeeper/client/BookKeeperAdmin.java","2309","1134","6","931","155.16666666666666","2","714","203","121","189","true"
"1","bookkeeper-server/src/main/java/org/apache/bookkeeper/client/BookieWatcher.java","489","15","4","8","2.0","2","4","7","4","3","true"
"1","bookkeeper-server/src/main/java/org/apache/bookkeeper/client/CRC32DigestManager.java","50","6","2","3","1.5","2","3","3","3","3","false"
"1","bookkeeper-server/src/main/java/org/apache/bookkeeper/client/DigestManager.java","536","45","5","23","4.6","3","16","22","16","9","true"
"1","bookkeeper-server/src/main/java/org/apache/bookkeeper/client/DistributionSchedule.java","18","10","3","5","1.6666666666666667","3","4","5","4","3","true"
"1","bookkeeper-server/src/main/java/org/apache/bookkeeper/client/LedgerCreateOp.java","623","96","8","43","5.375","3","26","53","26","12","true"
"1","bookkeeper-server/src/main/java/org/apache/bookkeeper/client/LedgerDeleteOp.java","97","23","4","12","3.0","3","7","11","7","5","true"
"1","bookkeeper-server/src/main/java/org/apache/bookkeeper/client/LedgerEntry.java","118","99","3","50","16.666666666666668","2","46","49","46","33","false"
"1","bookkeeper-server/src/main/java/org/apache/bookkeeper/client/LedgerHandle.java","4737","1615","12","915","76.25","3","520","700","520","134","true"
"1","bookkeeper-server/src/main/java/org/apache/bookkeeper/client/LedgerMetadata.java","877","130","7","90","12.857142857142858","3","32","40","16","18","true"
"1","bookkeeper-server/src/main/java/org/apache/bookkeeper/client/LedgerOpenOp.java","841","155","9","92","10.222222222222221","3","28","63","17","17","true"
"1","bookkeeper-server/src/main/java/org/apache/bookkeeper/client/LedgerRecoveryOp.java","640","74","6","46","7.666666666666667","3","17","28","9","12","true"
"1","bookkeeper-server/src/main/java/org/apache/bookkeeper/client/MacDigestManager.java","144","18","4","9","2.25","3","7","9","7","4","false"
"1","bookkeeper-server/src/main/java/org/apache/bookkeeper/client/PendingAddOp.java","363","61","4","44","11.0","3","30","17","11","15","true"
"1","bookkeeper-server/src/main/java/org/apache/bookkeeper/client/PendingReadOp.java","437","43","4","23","5.75","3","17","20","17","10","true"
"1","bookkeeper-server/src/main/java/org/apache/bookkeeper/client/ReadLastConfirmedOp.java","382","151","6","127","21.166666666666668","2","101","24","10","25","true"
"1","bookkeeper-server/src/main/java/org/apache/bookkeeper/client/ReadOnlyLedgerHandle.java","41","78","1","78","78.0","1","78","0","0","78","true"
"1","bookkeeper-server/src/main/java/org/apache/bookkeeper/client/RoundRobinDistributionSchedule.java","82","2","2","1","0.5","2","1","1","1","1","true"
"1","bookkeeper-server/src/main/java/org/apache/bookkeeper/client/SyncCounter.java","94","2","2","1","0.5","2","1","1","1","1","false"
"1","bookkeeper-server/src/main/java/org/apache/bookkeeper/conf/AbstractConfiguration.java","55","107","2","106","53.0","1","61","1","1","53","true"
"1","bookkeeper-server/src/main/java/org/apache/bookkeeper/conf/ClientConfiguration.java","236","232","4","224","56.0","2","216","8","6","58","true"
"1","bookkeeper-server/src/main/java/org/apache/bookkeeper/conf/ServerConfiguration.java","568","417","4","397","99.25","2","377","20","11","104","true"
"1","bookkeeper-server/src/main/java/org/apache/bookkeeper/meta/AbstractZkLedgerManager.java","283","257","2","255","127.5","1","251","2","2","128","true"
"1","bookkeeper-server/src/main/java/org/apache/bookkeeper/meta/FlatLedgerManager.java","112","193","1","193","193.0","1","193","0","0","193","true"
"1","bookkeeper-server/src/main/java/org/apache/bookkeeper/meta/HierarchicalLedgerManager.java","321","514","1","514","514.0","1","514","0","0","514","true"
"1","bookkeeper-server/src/main/java/org/apache/bookkeeper/meta/LedgerLayout.java","109","204","1","204","204.0","1","204","0","0","204","false"
"1","bookkeeper-server/src/main/java/org/apache/bookkeeper/meta/LedgerManager.java","20","144","1","144","144.0","1","144","0","0","144","true"
"1","bookkeeper-server/src/main/java/org/apache/bookkeeper/meta/LedgerManagerFactory.java","55","98","1","98","98.0","1","98","0","0","98","false"
"1","bookkeeper-server/src/main/java/org/apache/bookkeeper/proto/BookieClient.java","863","47","7","25","3.5714285714285716","3","9","22","9","6","true"
"1","bookkeeper-server/src/main/java/org/apache/bookkeeper/proto/BookieProtocol.java","134","95","4","87","21.75","3","71","8","5","23","true"
"1","bookkeeper-server/src/main/java/org/apache/bookkeeper/proto/BookieServer.java","2450","376","11","280","25.454545454545453","3","111","96","48","34","true"
"1","bookkeeper-server/src/main/java/org/apache/bookkeeper/proto/BookkeeperInternalCallbacks.java","87","89","3","82","27.333333333333332","3","75","7","7","29","false"
"1","bookkeeper-server/src/main/java/org/apache/bookkeeper/proto/NIOServerFactory.java","2863","58","8","35","4.375","3","8","23","8","7","true"
"1","bookkeeper-server/src/main/java/org/apache/bookkeeper/proto/PerChannelBookieClient.java","3354","190","9","110","12.222222222222221","3","24","80","24","21","true"
"1","bookkeeper-server/src/main/java/org/apache/bookkeeper/proto/ServerStats.java","106","0","1","0","0.0","1","0","0","0","0","true"
"1","bookkeeper-server/src/main/java/org/apache/bookkeeper/streaming/LedgerInputStream.java","310","21","3","11","3.6666666666666665","2","8","10","8","7","false"
"1","bookkeeper-server/src/main/java/org/apache/bookkeeper/streaming/LedgerOutputStream.java","250","21","3","11","3.6666666666666665","2","8","10","8","7","false"
"1","bookkeeper-server/src/main/java/org/apache/bookkeeper/tools/BookKeeperTools.java","1585","813","6","71","11.833333333333334","3","51","742","688","135","false"
"1","bookkeeper-server/src/main/java/org/apache/bookkeeper/util/LocalBookKeeper.java","937","441","6","233","38.833333333333336","3","101","208","101","73","true"
"1","bookkeeper-server/src/main/java/org/apache/bookkeeper/util/Main.java","66","10","3","5","1.6666666666666667","3","4","5","4","3","false"
"1","bookkeeper-server/src/main/java/org/apache/bookkeeper/util/MathUtils.java","20","10","2","5","2.5","2","5","5","5","5","true"
"1","bookkeeper-server/src/main/java/org/apache/bookkeeper/util/OrderedSafeExecutor.java","82","8","2","4","2.0","2","4","4","4","4","true"
"1","bookkeeper-server/src/main/java/org/apache/bookkeeper/util/SafeRunnable.java","43","21","3","11","3.6666666666666665","2","7","10","7","7","false"
"1","bookkeeper-server/src/main/java/org/apache/bookkeeper/util/StringUtils.java","103","33","3","4","1.3333333333333333","3","4","29","25","11","true"
"1","bookkeeper-server/src/main/java/org/apache/bookkeeper/util/ZkUtils.java","37","94","1","94","94.0","1","94","0","0","94","true"
"1","bookkeeper-server/src/test/java/org/apache/bookkeeper/bookie/BookieLayoutVersionTest.java","569","321","3","291","97.0","1","246","30","28","107","true"
"1","bookkeeper-server/src/test/java/org/apache/bookkeeper/bookie/EntryLogTest.java","57","90","1","90","90.0","1","90","0","0","90","true"
"1","bookkeeper-server/src/test/java/org/apache/bookkeeper/client/BookKeeperTestClient.java","119","77","4","74","18.5","2","61","3","2","19","false"
"1","bookkeeper-server/src/test/java/org/apache/bookkeeper/client/BookieRecoveryTest.java","1828","275","5","243","48.6","2","208","32","14","55","true"
"1","bookkeeper-server/src/test/java/org/apache/bookkeeper/client/LedgerCacheTest.java","353","19","4","13","3.25","2","8","6","2","4","true"
"1","bookkeeper-server/src/test/java/org/apache/bookkeeper/client/TestFencing.java","654","351","3","348","116.0","1","343","3","2","117","true"
"1","bookkeeper-server/src/test/java/org/apache/bookkeeper/meta/HierarchicalAsyncLedgerOpsTest.java","17","47","1","47","47.0","1","47","0","0","47","false"
"1","bookkeeper-server/src/test/java/org/apache/bookkeeper/meta/HierarchicalBookieFailureTest.java","17","47","1","47","47.0","1","47","0","0","47","false"
"1","bookkeeper-server/src/test/java/org/apache/bookkeeper/meta/HierarchicalBookieReadWriteTest.java","17","47","1","47","47.0","1","47","0","0","47","false"
"1","bookkeeper-server/src/test/java/org/apache/bookkeeper/meta/HierarchicalBookieRecoveryTest.java","16","46","1","46","46.0","1","46","0","0","46","false"
"1","bookkeeper-server/src/test/java/org/apache/bookkeeper/meta/HierarchicalLedgerDeleteTest.java","17","47","1","47","47.0","1","47","0","0","47","true"
"1","bookkeeper-server/src/test/java/org/apache/bookkeeper/meta/LedgerLayoutTest.java","93","136","1","136","136.0","1","136","0","0","136","true"
"1","bookkeeper-server/src/test/java/org/apache/bookkeeper/meta/TestLedgerManager.java","188","261","1","261","261.0","1","261","0","0","261","true"
"1","bookkeeper-server/src/test/java/org/apache/bookkeeper/proto/TestProtoVersions.java","150","115","2","114","57.0","1","113","1","1","57","true"
"1","bookkeeper-server/src/test/java/org/apache/bookkeeper/test/AsyncLedgerOpsTest.java","687","42","4","22","5.5","3","16","20","16","10","false"
"1","bookkeeper-server/src/test/java/org/apache/bookkeeper/test/BaseTestCase.java","1607","219","12","150","12.5","3","37","69","36","18","true"
"1","bookkeeper-server/src/test/java/org/apache/bookkeeper/test/BookieClientTest.java","1164","76","6","43","7.166666666666667","3","20","33","19","12","true"
"1","bookkeeper-server/src/test/java/org/apache/bookkeeper/test/BookieFailureTest.java","1210","68","6","34","5.666666666666667","3","24","34","24","11","true"
"1","bookkeeper-server/src/test/java/org/apache/bookkeeper/test/BookieJournalRollingTest.java","413","275","3","247","82.33333333333333","2","222","28","26","91","true"
"1","bookkeeper-server/src/test/java/org/apache/bookkeeper/test/BookieReadWriteTest.java","7080","634","10","477","47.7","3","166","157","89","63","true"
"1","bookkeeper-server/src/test/java/org/apache/bookkeeper/test/BookieZKExpireTest.java","176","106","3","99","33.0","3","90","7","6","35","true"
"1","bookkeeper-server/src/test/java/org/apache/bookkeeper/test/CloseTest.java","94","17","3","9","3.0","2","6","8","6","5","true"
"1","bookkeeper-server/src/test/java/org/apache/bookkeeper/test/ConcurrentLedgerTest.java","877","40","6","25","4.166666666666667","3","9","15","6","6","true"
"1","bookkeeper-server/src/test/java/org/apache/bookkeeper/test/ConditionalSetTest.java","183","126","3","122","40.666666666666664","2","116","4","3","42","false"
"1","bookkeeper-server/src/test/java/org/apache/bookkeeper/test/ConfigurationTest.java","23","55","1","55","55.0","1","55","0","0","55","true"
"1","bookkeeper-server/src/test/java/org/apache/bookkeeper/test/LedgerDeleteTest.java","316","37","4","14","3.5","3","8","23","13","9","true"
"1","bookkeeper-server/src/test/java/org/apache/bookkeeper/test/LedgerRecoveryTest.java","195","64","4","45","11.25","3","25","19","17","16","true"
"1","bookkeeper-server/src/test/java/org/apache/bookkeeper/test/LoopbackClient.java","376","25","5","14","2.8","3","7","11","7","5","false"
"1","bookkeeper-server/src/test/java/org/apache/bookkeeper/test/NIOServerFactoryTest.java","99","13","3","8","2.6666666666666665","3","4","5","4","4","true"
"1","hedwig-client/src/main/java/org/apache/hedwig/client/HedwigClient.java","28","72","1","72","72.0","1","72","0","0","72","false"
"1","hedwig-client/src/main/java/org/apache/hedwig/client/api/Client.java","6","42","1","42","42.0","1","42","0","0","42","false"
"1","hedwig-client/src/main/java/org/apache/hedwig/client/api/MessageHandler.java","21","64","3","56","18.666666666666668","2","48","8","5","21","false"
"1","hedwig-client/src/main/java/org/apache/hedwig/client/api/Publisher.java","20","71","2","67","33.5","2","63","4","4","35","true"
"1","hedwig-client/src/main/java/org/apache/hedwig/client/api/Subscriber.java","66","277","2","257","128.5","2","237","20","20","138","true"
"1","hedwig-client/src/main/java/org/apache/hedwig/client/benchmark/BenchmarkPublisher.java","276","145","3","139","46.333333333333336","2","133","6","5","48","true"
"1","hedwig-client/src/main/java/org/apache/hedwig/client/benchmark/BenchmarkSubscriber.java","366","163","4","150","37.5","2","136","13","10","40","true"
"1","hedwig-client/src/main/java/org/apache/hedwig/client/benchmark/BenchmarkUtils.java","373","185","3","181","60.333333333333336","2","176","4","2","61","true"
"1","hedwig-client/src/main/java/org/apache/hedwig/client/benchmark/BenchmarkWorker.java","48","48","2","47","23.5","2","46","1","1","24","false"
"1","hedwig-client/src/main/java/org/apache/hedwig/client/benchmark/HedwigBenchmark.java","382","146","5","137","27.4","3","127","9","5","29","false"
"1","hedwig-client/src/main/java/org/apache/hedwig/client/conf/ClientConfiguration.java","202","155","3","152","50.666666666666664","2","148","3","2","51","false"
"1","hedwig-client/src/main/java/org/apache/hedwig/client/data/MessageConsumeData.java","48","60","2","59","29.5","2","58","1","1","30","false"
"1","hedwig-client/src/main/java/org/apache/hedwig/client/data/PubSubData.java","164","155","2","152","76.0","2","149","3","3","77","true"
"1","hedwig-client/src/main/java/org/apache/hedwig/client/data/TopicSubscriber.java","82","82","2","78","39.0","2","74","4","4","41","false"
"1","hedwig-client/src/main/java/org/apache/hedwig/client/exceptions/InvalidSubscriberIdException.java","10","37","1","37","37.0","1","37","0","0","37","false"
"1","hedwig-client/src/main/java/org/apache/hedwig/client/exceptions/ServerRedirectLoopException.java","20","42","2","40","20.0","2","38","2","2","21","false"
"1","hedwig-client/src/main/java/org/apache/hedwig/client/exceptions/TooManyServerRedirectsException.java","20","41","2","40","20.0","2","39","1","1","20","false"
"1","hedwig-client/src/main/java/org/apache/hedwig/client/handlers/MessageConsumeCallback.java","178","118","4","107","26.75","2","95","11","5","29","true"
"1","hedwig-client/src/main/java/org/apache/hedwig/client/handlers/PubSubCallback.java","118","94","3","91","30.333333333333332","2","87","3","2","31","false"
"1","hedwig-client/src/main/java/org/apache/hedwig/client/handlers/PublishResponseHandler.java","150","85","4","78","19.5","2","70","7","3","21","false"
"1","hedwig-client/src/main/java/org/apache/hedwig/client/handlers/SubscribeReconnectCallback.java","238","132","4","123","30.75","2","113","9","4","33","true"
"1","hedwig-client/src/main/java/org/apache/hedwig/client/handlers/SubscribeResponseHandler.java","980","492","6","414","69.0","3","329","78","35","82","true"
"1","hedwig-client/src/main/java/org/apache/hedwig/client/handlers/UnsubscribeResponseHandler.java","182","102","4","93","23.25","2","83","9","5","25","false"
"1","hedwig-client/src/main/java/org/apache/hedwig/client/netty/ClientChannelPipelineFactory.java","87","68","3","63","21.0","2","58","5","3","22","false"
"1","hedwig-client/src/main/java/org/apache/hedwig/client/netty/ConnectCallback.java","250","137","4","130","32.5","2","122","7","4","34","true"
"1","hedwig-client/src/main/java/org/apache/hedwig/client/netty/HedwigClientImpl.java","186","19","1","14","14.0","1","14","5","5","19","true"
"1","hedwig-client/src/main/java/org/apache/hedwig/client/netty/HedwigPublisher.java","597","255","5","243","48.6","2","224","12","6","51","true"
"1","hedwig-client/src/main/java/org/apache/hedwig/client/netty/HedwigSubscriber.java","1462","704","4","645","161.25","2","585","59","48","176","true"
"1","hedwig-client/src/main/java/org/apache/hedwig/client/netty/ResponseHandler.java","1007","414","5","390","78.0","2","365","24","14","82","true"
"1","hedwig-client/src/main/java/org/apache/hedwig/client/netty/WriteCallback.java","198","117","4","108","27.0","2","98","9","4","29","true"
"1","hedwig-client/src/main/java/org/apache/hedwig/client/ssl/SslClientContextFactory.java","17","41","1","41","41.0","1","41","0","0","41","false"
"1","hedwig-client/src/main/java/org/apache/hedwig/client/ssl/SslContextFactory.java","67","92","2","79","39.5","2","65","13","13","46","false"
"1","hedwig-client/src/main/java/org/apache/hedwig/conf/AbstractConfiguration.java","51","56","3","55","18.333333333333332","3","45","1","1","18","false"
"1","hedwig-client/src/main/java/org/apache/hedwig/util/Callback.java","12","55","2","51","25.5","2","47","4","4","27","false"
"1","hedwig-client/src/main/java/org/apache/hedwig/util/CallbackUtils.java","372","223","4","203","50.75","3","185","20","16","55","false"
"1","hedwig-client/src/main/java/org/apache/hedwig/util/ConcurrencyUtils.java","26","49","1","49","49.0","1","49","0","0","49","false"
"1","hedwig-client/src/main/java/org/apache/hedwig/util/Either.java","24","50","1","50","50.0","1","50","0","0","50","false"
"1","hedwig-client/src/main/java/org/apache/hedwig/util/FileUtils.java","121","102","2","100","50.0","2","97","2","2","51","false"
"1","hedwig-client/src/main/java/org/apache/hedwig/util/HedwigSocketAddress.java","72","138","1","138","138.0","1","138","0","0","138","true"
"1","hedwig-client/src/main/java/org/apache/hedwig/util/Option.java","18","43","1","43","43.0","1","43","0","0","43","false"
"1","hedwig-client/src/main/java/org/apache/hedwig/util/Pair.java","18","42","1","42","42.0","1","42","0","0","42","false"
"1","hedwig-client/src/main/java/org/apache/hedwig/util/PathUtils.java","29","56","1","56","56.0","1","56","0","0","56","true"
"1","hedwig-client/src/test/java/org/apache/hedwig/client/AppTest.java","30","53","2","52","26.0","2","51","1","1","26","false"
"1","hedwig-client/src/test/java/org/apache/hedwig/util/TestFileUtils.java","18","41","1","41","41.0","1","41","0","0","41","false"
"1","hedwig-client/src/test/java/org/apache/hedwig/util/TestHedwigSocketAddress.java","144","118","2","111","55.5","2","104","7","7","59","false"
"1","hedwig-client/src/test/java/org/apache/hedwig/util/TestPathUtils.java","29","54","1","54","54.0","1","54","0","0","54","false"
"1","hedwig-protocol/src/main/java/org/apache/hedwig/exceptions/PubSubException.java","228","164","2","163","81.5","2","162","1","1","82","true"
"1","hedwig-protocol/src/main/java/org/apache/hedwig/protocol/PubSubProtocol.java","11130","18077","2","12222","6111.0","2","6127","5855","5855","9038","true"
"1","hedwig-protocol/src/main/java/org/apache/hedwig/protoextensions/MessageIdUtils.java","180","157","2","155","77.5","2","153","2","2","78","false"
"1","hedwig-protocol/src/main/java/org/apache/hedwig/protoextensions/PubSubResponseUtils.java","17","43","1","43","43.0","1","43","0","0","43","true"
"1","hedwig-protocol/src/main/java/org/apache/hedwig/protoextensions/SubscriptionStateUtils.java","28","43","2","42","21.0","2","41","1","1","21","false"
"1","hedwig-server/src/main/java/org/apache/hedwig/server/benchmark/AbstractBenchmark.java","181","205","3","155","51.666666666666664","2","104","50","48","68","true"
"1","hedwig-server/src/main/java/org/apache/hedwig/server/benchmark/BookieBenchmark.java","328","191","5","148","29.6","3","103","43","39","38","true"
"1","hedwig-server/src/main/java/org/apache/hedwig/server/benchmark/BookkeeperBenchmark.java","209","160","4","126","31.5","3","91","34","31","40","true"
"1","hedwig-server/src/main/java/org/apache/hedwig/server/benchmark/FakeBookie.java","205","201","3","151","50.333333333333336","2","100","50","48","67","false"
"1","hedwig-server/src/main/java/org/apache/hedwig/server/common/ByteStringInterner.java","18","45","1","45","45.0","1","45","0","0","45","true"
"1","hedwig-server/src/main/java/org/apache/hedwig/server/common/ServerConfiguration.java","394","291","2","290","145.0","2","289","1","1","145","true"
"1","hedwig-server/src/main/java/org/apache/hedwig/server/common/TerminateJVMExceptionHandler.java","21","38","2","35","17.5","2","31","3","3","19","true"
"1","hedwig-server/src/main/java/org/apache/hedwig/server/common/TopicOpQueuer.java","74","111","1","111","111.0","1","111","0","0","111","false"
"1","hedwig-server/src/main/java/org/apache/hedwig/server/common/UnexpectedError.java","20","37","2","36","18.0","2","35","1","1","18","false"
"1","hedwig-server/src/main/java/org/apache/hedwig/server/delivery/ChannelEndPoint.java","47","81","1","81","81.0","1","81","0","0","81","true"
"1","hedwig-server/src/main/java/org/apache/hedwig/server/delivery/DeliveryCallback.java","6","27","1","27","27.0","1","27","0","0","27","false"
"1","hedwig-server/src/main/java/org/apache/hedwig/server/delivery/DeliveryEndPoint.java","6","28","1","28","28.0","1","28","0","0","28","false"
"1","hedwig-server/src/main/java/org/apache/hedwig/server/delivery/DeliveryManager.java","18","31","2","30","15.0","2","29","1","1","15","true"
"1","hedwig-server/src/main/java/org/apache/hedwig/server/delivery/FIFODeliveryManager.java","1226","634","4","600","150.0","3","561","34","32","158","true"
"1","hedwig-server/src/main/java/org/apache/hedwig/server/handlers/BaseHandler.java","74","96","2","80","40.0","2","64","16","16","48","false"
"1","hedwig-server/src/main/java/org/apache/hedwig/server/handlers/ChannelDisconnectListener.java","10","31","2","30","15.0","2","29","1","1","15","false"
"1","hedwig-server/src/main/java/org/apache/hedwig/server/handlers/ConsumeHandler.java","72","66","2","65","32.5","2","64","1","1","33","false"
"1","hedwig-server/src/main/java/org/apache/hedwig/server/handlers/Handler.java","12","43","2","40","20.0","2","37","3","3","21","false"
"1","hedwig-server/src/main/java/org/apache/hedwig/server/handlers/PublishHandler.java","82","90","2","79","39.5","2","68","11","11","45","true"
"1","hedwig-server/src/main/java/org/apache/hedwig/server/handlers/SubscribeHandler.java","298","176","3","165","55.0","2","153","11","9","58","true"
"1","hedwig-server/src/main/java/org/apache/hedwig/server/handlers/UnsubscribeHandler.java","90","74","2","73","36.5","2","72","1","1","37","true"
"1","hedwig-server/src/main/java/org/apache/hedwig/server/netty/PubSubServer.java","1586","415","6","400","66.66666666666667","3","364","15","8","69","true"
"1","hedwig-server/src/main/java/org/apache/hedwig/server/netty/PubSubServerPipelineFactory.java","74","80","2","78","39.0","2","76","2","2","40","false"
"1","hedwig-server/src/main/java/org/apache/hedwig/server/netty/UmbrellaHandler.java","322","167","3","163","54.333333333333336","2","158","4","2","55","false"
"1","hedwig-server/src/main/java/org/apache/hedwig/server/persistence/BookkeeperPersistenceManager.java","1477","1035","3","886","295.3333333333333","2","736","149","144","345","true"
"1","hedwig-server/src/main/java/org/apache/hedwig/server/persistence/CacheKey.java","94","78","2","76","38.0","2","74","2","2","39","false"
"1","hedwig-server/src/main/java/org/apache/hedwig/server/persistence/CacheValue.java","160","100","3","97","32.333333333333336","2","93","3","2","33","false"
"1","hedwig-server/src/main/java/org/apache/hedwig/server/persistence/Factory.java","4","22","1","22","22.0","1","22","0","0","22","false"
"1","hedwig-server/src/main/java/org/apache/hedwig/server/persistence/LocalDBPersistenceManager.java","877","451","3","439","146.33333333333334","2","426","12","10","150","true"
"1","hedwig-server/src/main/java/org/apache/hedwig/server/persistence/MapMethods.java","32","62","1","62","62.0","1","62","0","0","62","false"
"1","hedwig-server/src/main/java/org/apache/hedwig/server/persistence/PersistRequest.java","56","60","2","59","29.5","2","58","1","1","30","false"
"1","hedwig-server/src/main/java/org/apache/hedwig/server/persistence/PersistenceManager.java","24","101","2","96","48.0","2","91","5","5","50","false"
"1","hedwig-server/src/main/java/org/apache/hedwig/server/persistence/PersistenceManagerWithRangeScan.java","8","29","2","28","14.0","2","27","1","1","14","false"
"1","hedwig-server/src/main/java/org/apache/hedwig/server/persistence/RangeScanRequest.java","74","81","2","79","39.5","2","77","2","2","40","false"
"1","hedwig-server/src/main/java/org/apache/hedwig/server/persistence/ReadAheadCache.java","1009","780","3","742","247.33333333333334","2","703","38","36","260","true"
"1","hedwig-server/src/main/java/org/apache/hedwig/server/persistence/ScanCallback.java","20","71","2","67","33.5","2","63","4","4","35","false"
"1","hedwig-server/src/main/java/org/apache/hedwig/server/persistence/ScanCallbackWithContext.java","15","37","1","37","37.0","1","37","0","0","37","false"
"1","hedwig-server/src/main/java/org/apache/hedwig/server/persistence/ScanRequest.java","54","66","2","65","32.5","2","64","1","1","33","false"
"1","hedwig-server/src/main/java/org/apache/hedwig/server/proxy/ChannelTracker.java","158","130","2","127","63.5","2","124","3","3","65","false"
"1","hedwig-server/src/main/java/org/apache/hedwig/server/proxy/HedwigProxy.java","454","174","4","167","41.75","2","159","7","3","43","true"
"1","hedwig-server/src/main/java/org/apache/hedwig/server/proxy/ProxyConfiguration.java","26","46","2","41","20.5","2","36","5","5","23","true"
"1","hedwig-server/src/main/java/org/apache/hedwig/server/proxy/ProxyConsumeHandler.java","61","62","2","60","30.0","2","57","2","2","31","false"
"1","hedwig-server/src/main/java/org/apache/hedwig/server/proxy/ProxyPublishHander.java","35","62","1","62","62.0","1","62","0","0","62","false"
"1","hedwig-server/src/main/java/org/apache/hedwig/server/proxy/ProxyStartDeliveryHandler.java","294","154","4","142","35.5","2","129","12","8","38","true"
"1","hedwig-server/src/main/java/org/apache/hedwig/server/proxy/ProxyStopDeliveryHandler.java","83","78","2","76","38.0","2","73","2","2","39","true"
"1","hedwig-server/src/main/java/org/apache/hedwig/server/proxy/ProxySubscribeHandler.java","163","89","3","86","28.666666666666668","2","82","3","2","29","false"
"1","hedwig-server/src/main/java/org/apache/hedwig/server/proxy/ProxyUnsubscribeHandler.java","41","74","1","74","74.0","1","74","0","0","74","false"
"1","hedwig-server/src/main/java/org/apache/hedwig/server/regions/HedwigHubClient.java","28","52","2","50","25.0","2","48","2","2","26","false"
"1","hedwig-server/src/main/java/org/apache/hedwig/server/regions/HedwigHubClientFactory.java","50","62","2","61","30.5","2","60","1","1","31","true"
"1","hedwig-server/src/main/java/org/apache/hedwig/server/regions/HedwigHubSubscriber.java","111","82","3","76","25.333333333333332","2","70","6","4","27","false"
"1","hedwig-server/src/main/java/org/apache/hedwig/server/regions/RegionManager.java","554","221","4","202","50.5","2","180","19","12","55","true"
"1","hedwig-server/src/main/java/org/apache/hedwig/server/ssl/SslServerContextFactory.java","24","53","1","53","53.0","1","53","0","0","53","false"
"1","hedwig-server/src/main/java/org/apache/hedwig/server/subscriptions/AbstractSubscriptionManager.java","1216","492","4","472","118.0","2","450","20","17","123","true"
"1","hedwig-server/src/main/java/org/apache/hedwig/server/subscriptions/AllToAllTopologyFilter.java","16","39","1","39","39.0","1","39","0","0","39","false"
"1","hedwig-server/src/main/java/org/apache/hedwig/server/subscriptions/InMemorySubscriptionManager.java","86","86","2","82","41.0","2","78","4","4","43","true"
"1","hedwig-server/src/main/java/org/apache/hedwig/server/subscriptions/InMemorySubscriptionState.java","56","66","2","65","32.5","2","64","1","1","33","true"
"1","hedwig-server/src/main/java/org/apache/hedwig/server/subscriptions/MessageFilter.java","10","33","2","32","16.0","2","31","1","1","16","false"
"1","hedwig-server/src/main/java/org/apache/hedwig/server/subscriptions/SubscriptionEventListener.java","14","65","2","61","30.5","2","57","4","4","32","false"
"1","hedwig-server/src/main/java/org/apache/hedwig/server/subscriptions/SubscriptionManager.java","26","118","2","111","55.5","2","104","7","7","59","true"
"1","hedwig-server/src/main/java/org/apache/hedwig/server/subscriptions/TrueFilter.java","11","32","1","32","32.0","1","32","0","0","32","true"
"1","hedwig-server/src/main/java/org/apache/hedwig/server/subscriptions/ZkSubscriptionManager.java","532","331","3","279","93.0","2","226","52","50","110","false"
"1","hedwig-server/src/main/java/org/apache/hedwig/server/topics/AbstractTopicManager.java","474","219","4","208","52.0","3","187","11","6","54","true"
"1","hedwig-server/src/main/java/org/apache/hedwig/server/topics/TopicManager.java","24","87","2","81","40.5","2","75","6","6","43","true"
"1","hedwig-server/src/main/java/org/apache/hedwig/server/topics/TopicOwnershipChangeListener.java","7","28","1","28","28.0","1","28","0","0","28","false"
"1","hedwig-server/src/main/java/org/apache/hedwig/server/topics/TrivialOwnAllTopicManager.java","52","56","2","54","27.0","2","52","2","2","28","true"
"1","hedwig-server/src/main/java/org/apache/hedwig/server/topics/ZkTopicManager.java","973","583","3","506","168.66666666666666","2","428","77","75","194","true"
"1","hedwig-server/src/main/java/org/apache/hedwig/zookeeper/SafeAsynBKCallback.java","124","164","2","134","67.0","2","104","30","30","82","false"
"1","hedwig-server/src/main/java/org/apache/hedwig/zookeeper/SafeAsyncCallback.java","13","35","1","35","35.0","1","35","0","0","35","true"
"1","hedwig-server/src/main/java/org/apache/hedwig/zookeeper/SafeAsyncZKCallback.java","134","100","2","99","49.5","2","98","1","1","50","false"
"1","hedwig-server/src/main/java/org/apache/hedwig/zookeeper/ZkUtils.java","130","109","3","94","31.333333333333332","2","78","15","13","36","false"
"1","hedwig-server/src/test/java/org/apache/hedwig/HelperMethods.java","67","62","2","60","30.0","2","57","2","2","31","false"
"1","hedwig-server/src/test/java/org/apache/hedwig/StubCallback.java","25","51","1","51","51.0","1","51","0","0","51","false"
"1","hedwig-server/src/test/java/org/apache/hedwig/StubScanCallback.java","30","57","1","57","57.0","1","57","0","0","57","false"
"1","hedwig-server/src/test/java/org/apache/hedwig/client/TestPubSubClient.java","543","270","3","250","83.33333333333333","2","230","20","13","90","true"
"1","hedwig-server/src/test/java/org/apache/hedwig/server/HedwigHubTestBase.java","226","142","3","138","46.0","2","133","4","2","47","true"
"1","hedwig-server/src/test/java/org/apache/hedwig/server/HedwigRegionTestBase.java","526","238","4","230","57.5","2","221","8","4","59","true"
"1","hedwig-server/src/test/java/org/apache/hedwig/server/PubSubServerStandAloneTestBase.java","63","66","2","64","32.0","2","61","2","2","33","true"
"1","hedwig-server/src/test/java/org/apache/hedwig/server/TestPubSubServerStartup.java","232","137","3","133","44.333333333333336","2","128","4","2","45","true"
"1","hedwig-server/src/test/java/org/apache/hedwig/server/delivery/StubDeliveryManager.java","74","71","2","68","34.0","2","65","3","3","35","true"
"1","hedwig-server/src/test/java/org/apache/hedwig/server/handlers/TestBaseHandler.java","73","116","1","116","116.0","1","116","0","0","116","false"
"1","hedwig-server/src/test/java/org/apache/hedwig/server/handlers/TestSubUnsubHandler.java","224","188","2","177","88.5","2","166","11","11","94","false"
"1","hedwig-server/src/test/java/org/apache/hedwig/server/integration/TestHedwigHub.java","1606","769","3","731","243.66666666666666","2","692","38","22","256","true"
"1","hedwig-server/src/test/java/org/apache/hedwig/server/integration/TestHedwigRegion.java","174","109","3","101","33.666666666666664","2","93","8","5","36","true"
"1","hedwig-server/src/test/java/org/apache/hedwig/server/netty/TestPubSubServer.java","606","292","3","276","92.0","2","260","16","13","97","true"
"1","hedwig-server/src/test/java/org/apache/hedwig/server/netty/WriteRecordingChannel.java","122","170","1","170","170.0","1","170","0","0","170","false"
"1","hedwig-server/src/test/java/org/apache/hedwig/server/persistence/BookKeeperTestBase.java","649","204","8","186","23.25","3","126","18","9","25","true"
"1","hedwig-server/src/test/java/org/apache/hedwig/server/persistence/StubPersistenceManager.java","148","116","2","114","57.0","2","112","2","2","58","true"
"1","hedwig-server/src/test/java/org/apache/hedwig/server/persistence/StubScanCallback.java","44","62","2","55","27.5","2","48","7","7","31","false"
"1","hedwig-server/src/test/java/org/apache/hedwig/server/persistence/TestBookKeeperPersistenceManagerBlackBox.java","88","82","2","79","39.5","2","76","3","3","41","false"
"1","hedwig-server/src/test/java/org/apache/hedwig/server/persistence/TestBookkeeperPersistenceManagerWhiteBox.java","172","133","2","131","65.5","2","129","2","2","66","true"
"1","hedwig-server/src/test/java/org/apache/hedwig/server/persistence/TestLocalDBPersistenceManagerBlackBox.java","27","53","1","53","53.0","1","53","0","0","53","false"
"1","hedwig-server/src/test/java/org/apache/hedwig/server/persistence/TestPersistenceManagerBlackBox.java","667","316","3","311","103.66666666666667","2","305","5","3","105","false"
"1","hedwig-server/src/test/java/org/apache/hedwig/server/persistence/TestReadAheadCacheBlackBox.java","29","54","1","54","54.0","1","54","0","0","54","false"
"1","hedwig-server/src/test/java/org/apache/hedwig/server/persistence/TestReadAheadCacheWhiteBox.java","390","286","2","277","138.5","2","268","9","9","143","true"
"1","hedwig-server/src/test/java/org/apache/hedwig/server/subscriptions/StubSubscriptionManager.java","56","54","2","53","26.5","2","52","1","1","27","false"
"1","hedwig-server/src/test/java/org/apache/hedwig/server/subscriptions/TestZkSubscriptionManager.java","278","240","2","223","111.5","2","206","17","17","120","false"
"1","hedwig-server/src/test/java/org/apache/hedwig/server/topics/StubTopicManager.java","72","68","2","66","33.0","2","64","2","2","34","false"
"1","hedwig-server/src/test/java/org/apache/hedwig/server/topics/TestConcurrentTopicAcquisition.java","136","206","1","206","206.0","1","206","0","0","206","true"
"1","hedwig-server/src/test/java/org/apache/hedwig/server/topics/TestZkTopicManager.java","913","323","4","319","79.75","3","311","4","2","80","false"
"1","hedwig-server/src/test/java/org/apache/hedwig/zookeeper/TestZkUtils.java","20","47","1","47","47.0","1","47","0","0","47","false"
"1","hedwig-server/src/test/java/org/apache/hedwig/zookeeper/ZooKeeperTestBase.java","114","94","2","93","46.5","2","92","1","1","47","true"
"1","hedwig-client/src/main/java/org/apache/hedwig/client/netty/HedwigClient.java","535","380","3","370","123.33333333333333","2","359","10","8","126","false"
"1","bookkeeper-server/src/test/java/org/apache/bookkeeper/test/BookieRecoveryTest.java","1053","164","5","85","17.0","3","45","79","38","32","false"
"1","hedwig-server/src/test/java/org/apache/hedwig/ServerControl.java","560","553","3","395","131.66666666666666","2","231","158","155","184","false"
"1","hedwig-server/src/test/java/org/apache/hedwig/ServerControlDaemon.java","381","397","3","284","94.66666666666667","2","171","113","111","132","false"
"1","bookkeeper-server/src/test/java/org/apache/bookkeeper/test/LedgerCacheTest.java","334","174","4","153","38.25","1","131","21","19","43","false"
"1","bookkeeper/src/main/java/org/apache/bookkeeper/bookie/Bookie.java","444","545","1","545","545.0","1","545","0","0","545","false"
"1","bookkeeper/src/main/java/org/apache/bookkeeper/bookie/BookieException.java","48","81","1","81","81.0","1","81","0","0","81","false"
"1","bookkeeper/src/main/java/org/apache/bookkeeper/bookie/BufferedChannel.java","120","168","1","168","168.0","1","168","0","0","168","false"
"1","bookkeeper/src/main/java/org/apache/bookkeeper/bookie/EntryLogger.java","345","487","1","487","487.0","1","487","0","0","487","false"
"1","bookkeeper/src/main/java/org/apache/bookkeeper/bookie/FileInfo.java","82","124","1","124","124.0","1","124","0","0","124","false"
"1","bookkeeper/src/main/java/org/apache/bookkeeper/bookie/LedgerCache.java","432","536","1","536","536.0","1","536","0","0","536","false"
"1","bookkeeper/src/main/java/org/apache/bookkeeper/bookie/LedgerDescriptor.java","84","133","1","133","133.0","1","133","0","0","133","false"
"1","bookkeeper/src/main/java/org/apache/bookkeeper/bookie/LedgerEntryPage.java","123","151","1","151","151.0","1","151","0","0","151","false"
"1","bookkeeper/src/main/java/org/apache/bookkeeper/bookie/MarkerFileChannel.java","83","147","1","147","147.0","1","147","0","0","147","false"
"1","bookkeeper/src/main/java/org/apache/bookkeeper/client/AsyncCallback.java","26","126","1","126","126.0","1","126","0","0","126","false"
"1","bookkeeper/src/main/java/org/apache/bookkeeper/client/BKException.java","188","249","1","249","249.0","1","249","0","0","249","false"
"1","bookkeeper/src/main/java/org/apache/bookkeeper/client/BookKeeper.java","147","410","1","410","410.0","1","410","0","0","410","false"
"1","bookkeeper/src/main/java/org/apache/bookkeeper/client/BookieWatcher.java","122","204","1","204","204.0","1","204","0","0","204","false"
"1","bookkeeper/src/main/java/org/apache/bookkeeper/client/CRC32DigestManager.java","25","50","1","50","50.0","1","50","0","0","50","false"
"1","bookkeeper/src/main/java/org/apache/bookkeeper/client/DigestManager.java","107","184","1","184","184.0","1","184","0","0","184","false"
"1","bookkeeper/src/main/java/org/apache/bookkeeper/client/DistributionSchedule.java","6","61","1","61","61.0","1","61","0","0","61","false"
"1","bookkeeper/src/main/java/org/apache/bookkeeper/client/LedgerCreateOp.java","77","167","1","167","167.0","1","167","0","0","167","false"
"1","bookkeeper/src/main/java/org/apache/bookkeeper/client/LedgerDeleteOp.java","24","80","1","80","80.0","1","80","0","0","80","false"
"1","bookkeeper/src/main/java/org/apache/bookkeeper/client/LedgerEntry.java","39","83","1","83","83.0","1","83","0","0","83","false"
"1","bookkeeper/src/main/java/org/apache/bookkeeper/client/LedgerHandle.java","299","547","1","547","547.0","1","547","0","0","547","false"
"1","bookkeeper/src/main/java/org/apache/bookkeeper/client/LedgerMetadata.java","105","198","1","198","198.0","1","198","0","0","198","false"
"1","bookkeeper/src/main/java/org/apache/bookkeeper/client/LedgerOpenOp.java","80","140","1","140","140.0","1","140","0","0","140","false"
"1","bookkeeper/src/main/java/org/apache/bookkeeper/client/LedgerRecoveryOp.java","100","178","1","178","178.0","1","178","0","0","178","false"
"1","bookkeeper/src/main/java/org/apache/bookkeeper/client/MacDigestManager.java","36","67","1","67","67.0","1","67","0","0","67","false"
"1","bookkeeper/src/main/java/org/apache/bookkeeper/client/PendingAddOp.java","82","138","1","138","138.0","1","138","0","0","138","false"
"1","bookkeeper/src/main/java/org/apache/bookkeeper/client/PendingReadOp.java","108","170","1","170","170.0","1","170","0","0","170","false"
"1","bookkeeper/src/main/java/org/apache/bookkeeper/client/RoundRobinDistributionSchedule.java","41","87","1","87","87.0","1","87","0","0","87","false"
"1","bookkeeper/src/main/java/org/apache/bookkeeper/client/SyncCounter.java","47","85","1","85","85.0","1","85","0","0","85","false"
"1","bookkeeper/src/main/java/org/apache/bookkeeper/proto/BookieClient.java","122","178","1","178","178.0","1","178","0","0","178","false"
"1","bookkeeper/src/main/java/org/apache/bookkeeper/proto/BookieProtocol.java","11","75","1","75","75.0","1","75","0","0","75","false"
"1","bookkeeper/src/main/java/org/apache/bookkeeper/proto/BookieServer.java","160","209","1","209","209.0","1","209","0","0","209","false"
"1","bookkeeper/src/main/java/org/apache/bookkeeper/proto/BookkeeperInternalCallbacks.java","14","57","1","57","57.0","1","57","0","0","57","false"
"1","bookkeeper/src/main/java/org/apache/bookkeeper/proto/NIOServerFactory.java","353","521","1","521","521.0","1","521","0","0","521","false"
"1","bookkeeper/src/main/java/org/apache/bookkeeper/proto/PerChannelBookieClient.java","361","573","1","573","573.0","1","573","0","0","573","false"
"1","bookkeeper/src/main/java/org/apache/bookkeeper/proto/ServerStats.java","106","148","1","148","148.0","1","148","0","0","148","false"
"1","bookkeeper/src/main/java/org/apache/bookkeeper/streaming/LedgerInputStream.java","103","173","1","173","173.0","1","173","0","0","173","false"
"1","bookkeeper/src/main/java/org/apache/bookkeeper/streaming/LedgerOutputStream.java","83","147","1","147","147.0","1","147","0","0","147","false"
"1","bookkeeper/src/main/java/org/apache/bookkeeper/tools/BookKeeperTools.java","376","763","1","763","763.0","1","763","0","0","763","false"
"1","bookkeeper/src/main/java/org/apache/bookkeeper/util/LocalBookKeeper.java","150","209","1","209","209.0","1","209","0","0","209","false"
"1","bookkeeper/src/main/java/org/apache/bookkeeper/util/Main.java","22","54","1","54","54.0","1","54","0","0","54","false"
"1","bookkeeper/src/main/java/org/apache/bookkeeper/util/MathUtils.java","10","38","1","38","38.0","1","38","0","0","38","false"
"1","bookkeeper/src/main/java/org/apache/bookkeeper/util/OrderedSafeExecutor.java","41","98","1","98","98.0","1","98","0","0","98","false"
"1","bookkeeper/src/main/java/org/apache/bookkeeper/util/SafeRunnable.java","14","38","1","38","38.0","1","38","0","0","38","false"
"1","bookkeeper/src/main/java/org/apache/bookkeeper/util/StringUtils.java","39","94","1","94","94.0","1","94","0","0","94","false"
"1","bookkeeper/src/test/java/org/apache/bookkeeper/test/AsyncLedgerOpsTest.java","171","256","1","256","256.0","1","256","0","0","256","false"
"1","bookkeeper/src/test/java/org/apache/bookkeeper/test/BaseTestCase.java","117","176","1","176","176.0","1","176","0","0","176","false"
"1","bookkeeper/src/test/java/org/apache/bookkeeper/test/BookieClientTest.java","192","232","1","232","232.0","1","232","0","0","232","false"
"1","bookkeeper/src/test/java/org/apache/bookkeeper/test/BookieFailureTest.java","202","305","1","305","305.0","1","305","0","0","305","false"
"1","bookkeeper/src/test/java/org/apache/bookkeeper/test/BookieReadWriteTest.java","521","720","1","720","720.0","1","720","0","0","720","false"
"1","bookkeeper/src/test/java/org/apache/bookkeeper/test/BookieRecoveryTest.java","203","400","1","400","400.0","1","400","0","0","400","false"
"1","bookkeeper/src/test/java/org/apache/bookkeeper/test/CloseTest.java","31","74","1","74","74.0","1","74","0","0","74","false"
"1","bookkeeper/src/test/java/org/apache/bookkeeper/test/ConcurrentLedgerTest.java","142","178","1","178","178.0","1","178","0","0","178","false"
"1","bookkeeper/src/test/java/org/apache/bookkeeper/test/LedgerDeleteTest.java","81","163","1","163","163.0","1","163","0","0","163","false"
"1","bookkeeper/src/test/java/org/apache/bookkeeper/test/LedgerRecoveryTest.java","39","88","1","88","88.0","1","88","0","0","88","false"
"1","bookkeeper/src/test/java/org/apache/bookkeeper/test/LoopbackClient.java","74","117","1","117","117.0","1","117","0","0","117","false"
"1","bookkeeper/src/test/java/org/apache/bookkeeper/test/NIOServerFactoryTest.java","32","60","1","60","60.0","1","60","0","0","60","false"
